,approved_at_utc,archived,author,author_cakeday,author_flair_css_class,author_flair_text,banned_at_utc,brand_safe,can_gild,can_mod_post,contest_mode,created,created_utc,crosspost_parent,crosspost_parent_list,distinguished,domain,downs,edited,from,from_id,from_kind,gilded,hidden,hide_score,id,is_crosspostable,is_reddit_media_domain,is_self,is_video,link_flair_css_class,link_flair_text,locked,media,media_embed,name,num_comments,num_crossposts,over_18,parent_whitelist_status,permalink,pinned,post_hint,preview,quarantine,retrieved_on,saved,score,secure_media,secure_media_embed,selftext,spoiler,stickied,subreddit,subreddit_id,subreddit_type,suggested_sort,thumbnail,thumbnail_height,thumbnail_width,title,ups,url,view_count,whitelist_status
58,,True,AmericanDerp,,,,,,,,,1388552195.0,1388552195,,,,self.askscience,0.0,False,,,,0.0,,False,1u53xr,,,True,,geo,Earth Sciences,,,{},t3_1u53xr,33.0,,False,,/r/askscience/comments/1u53xr/what_would_happen_in_the_short_and_long_term_if/,,,,False,1441977846.0,False,158.0,,{},,,False,askscience,t5_2qm4e,,,self,,,"What would happen in the short and long term if the land mass around the Panama Canal vanished, causing one ocean to dump into another?",158.0,http://www.reddit.com/r/askscience/comments/1u53xr/what_would_happen_in_the_short_and_long_term_if/,,
14860,,True,AmericanDerp,,,,,,,,,1391314235.0,1391314235.0,,,,self.askscience,0.0,False,,,,0.0,,False,1ws5uu,,,True,,,,,,{},t3_1ws5uu,0.0,,False,,/r/askscience/comments/1ws5uu/in_the_film_predator_schwarzenegger_hurls_a_knife/,,,,False,1441932710.0,False,1.0,,{},,,False,askscience,t5_2qm4e,,,default,,,"In the film Predator, Schwarzenegger hurls a knife at a man. It lifts him and pins him to a wall. How much force would need to be generated to actually accomplish this?",1.0,http://www.reddit.com/r/askscience/comments/1ws5uu/in_the_film_predator_schwarzenegger_hurls_a_knife/,,
17285,,True,AmericanDerp,,,,,,,,,1391735467.0,1391735467,,,,self.askscience,0.0,False,,,,0.0,,False,1x8cy4,,,True,,bio,Biology,,,{},t3_1x8cy4,0.0,,False,,/r/askscience/comments/1x8cy4/if_the_moon_were_habitableand_evolved_side_by/,,,,False,1441925027.0,False,1.0,,{},,,False,askscience,t5_2qm4e,,,default,,,If the moon were habitable--and evolved side by side with us for billions of years into a blue &amp; green orb--how dangerous would contact be?,1.0,http://www.reddit.com/r/askscience/comments/1x8cy4/if_the_moon_were_habitableand_evolved_side_by/,,
20554,,True,AmericanDerp,,,,,,,,,1392315783.0,1392315783,,,,self.askscience,0.0,False,,,,0.0,,False,1xtla4,,,True,,physics,Physics,,,{},t3_1xtla4,0.0,,False,,/r/askscience/comments/1xtla4/another_article_about_the_large_colliders_ending/,,,,False,1441914941.0,False,1.0,,{},,,False,askscience,t5_2qm4e,,,default,,,"Another article about the Large Colliders ending the world is making the rounds today. Hypothetically, what would death from each of these scenarios be like in a worst case scenario?",1.0,http://www.reddit.com/r/askscience/comments/1xtla4/another_article_about_the_large_colliders_ending/,,
32327,,True,AmericanDerp,,,,,,,,,1394425252.0,1394421652,,,,self.askscience,0.0,False,,,,0.0,,False,200p86,,,True,,bio,Biology,,,{},t3_200p86,1.0,,False,,/r/askscience/comments/200p86/what_is_the_biological_cause_of_the_phenomena/,,,,False,1441877437.0,False,0.0,,{},,,False,askscience,t5_2qm4e,,,self,,,"What is the biological cause of the phenomena where if you sometimes eat fatty fast food (Taco Bell, White Castle, etc) you sometimes have to rapidly evacuate your bowels soon after?",0.0,http://www.reddit.com/r/askscience/comments/200p86/what_is_the_biological_cause_of_the_phenomena/,,
36605,,True,AmericanDerp,,,,,,,,,1395186614.0,1395183014,,,,self.askscience,0.0,1395185188,,,,0.0,,False,20rd47,,,True,,astro,Astronomy,,,{},t3_20rd47,0.0,,False,,/r/askscience/comments/20rd47/using_todays_technological_limitations_how_close/,,,,False,1441864693.0,False,1.0,,{},,,False,askscience,t5_2qm4e,,,default,,,"Using today's technological limitations, how close would an alien ship need to get to Earth before the public could conceivably become aware of it?",1.0,http://www.reddit.com/r/askscience/comments/20rd47/using_todays_technological_limitations_how_close/,,
36972,,True,AmericanDerp,,,,,,,,,1395251858.0,1395248258,,,,self.askscience,0.0,False,,,,0.0,,False,20tpdr,,,True,,,,,,{},t3_20tpdr,0.0,,False,,/r/askscience/comments/20tpdr/what_percentage_of_the_speed_of_light_could_you/,,,,False,1441863601.0,False,1.0,,{},,,False,askscience,t5_2qm4e,,,default,,,What percentage of the speed of light could you travel without experiencing relativistic effects?,1.0,http://www.reddit.com/r/askscience/comments/20tpdr/what_percentage_of_the_speed_of_light_could_you/,,
54260,,True,AmericanDerp,,,,,,,,,1398210669.0,1398207069,,,,self.askscience,0.0,False,,,,0.0,,False,23pxg4,,,True,,geo,Planetary Sci.,,,{},t3_23pxg4,0.0,,False,,/r/askscience/comments/23pxg4/how_would_the_worlds_climate_differ_if_its/,,,,False,1441568551.0,False,0.0,,{},,,False,askscience,t5_2qm4e,,,default,,,"How would the world's climate differ if it's continents were structured like this, instead?",0.0,http://www.reddit.com/r/askscience/comments/23pxg4/how_would_the_worlds_climate_differ_if_its/,,
59698,,True,AmericanDerp,,,,,,,,,1399184052.0,1399180452,,,,self.askscience,0.0,False,,,,0.0,,False,24ob1y,,,True,,,,,,{},t3_24ob1y,0.0,,False,,/r/askscience/comments/24ob1y/as_scientists_do_you_have_any_criticisms_of_the/,,,,False,1441552268.0,False,0.0,,{},,,False,askscience,t5_2qm4e,,,default,,,"As scientists, do you have any criticisms of the new Cosmos show?",0.0,http://www.reddit.com/r/askscience/comments/24ob1y/as_scientists_do_you_have_any_criticisms_of_the/,,
60686,,True,AmericanDerp,,,,,,,,,1399353161.0,1399349561,,,,self.askscience,0.0,False,,,,0.0,,False,24u6fj,,,True,,,,,,{},t3_24u6fj,0.0,,False,,/r/askscience/comments/24u6fj/is_there_any_evidence_that_human_sexual_behavior/,,,,False,1441549467.0,False,0.0,,{},,,False,askscience,t5_2qm4e,,,default,,,Is there any evidence that human sexual behavior can be affected by any sort of pheromones?,0.0,http://www.reddit.com/r/askscience/comments/24u6fj/is_there_any_evidence_that_human_sexual_behavior/,,
68464,,True,AmericanDerp,,,,,,,,,1400715936.0,1400712336,,,,self.askscience,0.0,1400771734,,,,0.0,,False,265s3b,,,True,,geo,Earth Sciences,,,{},t3_265s3b,3.0,,False,,/r/askscience/comments/265s3b/what_is_the_typical_soil_temperature_underground/,,,,False,1441345834.0,False,2.0,,{},"I tried Googling this, and I know that at around 20-25 feet in depth, you no longer have seasonal variations and it becomes fairly consistent. But below that depth, what would the temperature be like? At 100 feet? 1000? A mile, five, ten? ",,False,askscience,t5_2qm4e,,,self,,,"What is the typical soil temperature underground, by depth?",2.0,http://www.reddit.com/r/askscience/comments/265s3b/what_is_the_typical_soil_temperature_underground/,,
68889,,True,AmericanDerp,,,,,,,,,1400789510.0,1400785910,,,,self.askscience,0.0,False,,,,0.0,,False,268fhm,,,True,,,,,,{},t3_268fhm,1.0,,False,,/r/askscience/comments/268fhm/under_the_ocean_or_a_lake_how_far_under_the_soil/,,,,False,1441344598.0,False,0.0,,{},"For example: 

If you had a dry environment (like a large submersible) under a lake or sea, and opened it's bottom onto the lake or ocean floor, how far down would you need to dig before hitting dry land, comparable to what you would find digging down in most other places on the surface?",,False,askscience,t5_2qm4e,,,self,,,"Under the ocean or a lake, how far under the soil would you need to go before finding relative ""dry ground""?",0.0,http://www.reddit.com/r/askscience/comments/268fhm/under_the_ocean_or_a_lake_how_far_under_the_soil/,,
71614,,True,AmericanDerp,,,,,,,,,1401291761.0,1401288161,,,,self.askscience,0.0,False,,,,0.0,,False,26p5rk,,,True,,,,,,{},t3_26p5rk,0.0,,False,,/r/askscience/comments/26p5rk/how_fast_would_someone_need_to_move_to_be/,,,,False,1441336670.0,False,0.0,,{},,,False,askscience,t5_2qm4e,,,default,,,How fast would someone need to move to be invisible to the human eye?,0.0,http://www.reddit.com/r/askscience/comments/26p5rk/how_fast_would_someone_need_to_move_to_be/,,
74260,,True,AmericanDerp,,,,,,,,,1401805072.0,1401801472,,,,self.askscience,0.0,False,,,,0.0,,False,277605,,,True,,,,,,{},t3_277605,0.0,,False,,/r/askscience/comments/277605/we_can_create_new_breeds_of_dogs_and_cats_over/,,,,False,1441328097.0,False,0.0,,{},,,False,askscience,t5_2qm4e,,,default,,,"We can create new 'breeds' of dogs and cats over the course of a a few decades. Could we create new looking human racial types in 10-20 generations as well, selectively?",0.0,http://www.reddit.com/r/askscience/comments/277605/we_can_create_new_breeds_of_dogs_and_cats_over/,,
76690,,True,AmericanDerp,,,,,,,,,1402265970.0,1402262370,,,,self.askscience,0.0,False,,,,0.0,,False,27n8zv,,,True,,,,,,{},t3_27n8zv,0.0,,False,,/r/askscience/comments/27n8zv/how_much_energy_does_the_earth_generate_by_moving/,,,,False,1441320469.0,False,1.0,,{},,,False,askscience,t5_2qm4e,,,default,,,How much energy does the Earth generate by moving through space?,1.0,http://www.reddit.com/r/askscience/comments/27n8zv/how_much_energy_does_the_earth_generate_by_moving/,,
83280,,True,AmericanDerp,,,,,,,,,1403564867.0,1403561267,,,,self.askscience,0.0,1403565476,,,,0.0,,False,28wu3y,,,True,,geo,Earth Sciences,,,{},t3_28wu3y,0.0,,False,,/r/askscience/comments/28wu3y/could_someone_explain_the_significance_of_these/,,,,False,1441298839.0,False,11.0,,{},,,False,askscience,t5_2qm4e,,,default,,,Could someone explain the significance of these earthquake graphs a user linked on a thread about the just-now Alaska Earthquake?,11.0,http://www.reddit.com/r/askscience/comments/28wu3y/could_someone_explain_the_significance_of_these/,,
87603,,True,AmericanDerp,,,,,,,,,1404426864.0,1404423264,,,,self.askscience,0.0,False,,,,0.0,,False,29rxko,,,True,,bio,Biology,,,{},t3_29rxko,0.0,,False,,/r/askscience/comments/29rxko/how_many_distinct_species_of_humans_are_there/,,,,False,1441284090.0,False,1.0,,{},,,False,askscience,t5_2qm4e,,,default,,,How many distinct species of humans are there?,1.0,http://www.reddit.com/r/askscience/comments/29rxko/how_many_distinct_species_of_humans_are_there/,,
96922,,True,AmericanDerp,,,,,,,,,1406299548.0,1406295948,,,,self.askscience,0.0,False,,,,0.0,,False,2bovuj,,,True,,,,,,{},t3_2bovuj,0.0,,False,,/r/askscience/comments/2bovuj/if_the_us_government_wanted_to_turn_off_the/,,,,False,1441251488.0,False,1.0,,{},,,False,askscience,t5_2qm4e,,,default,,,"If the US government wanted to 'turn off' the Internet and phone systems nationwide the way some foreign countries have during conflicts, would that be technologically possible with today's infrastructure?",1.0,http://www.reddit.com/r/askscience/comments/2bovuj/if_the_us_government_wanted_to_turn_off_the/,,
100772,,True,AmericanDerp,,,,,,,,,1407080862.0,1407077262,,,,self.askscience,0.0,False,,,,0.0,,False,2ci6hf,,,True,,,,,,{},t3_2ci6hf,0.0,,False,,/r/askscience/comments/2ci6hf/now_that_the_usa_has_a_live_ebola_patient_at_the/,,,,False,1441237639.0,False,0.0,,{},,,False,askscience,t5_2qm4e,,,default,,,"Now that the USA has a live Ebola patient at the CDC as of yesterday, will this help to find a cure or vaccine? Or is this just a desperate attempt to save his life?",0.0,http://www.reddit.com/r/askscience/comments/2ci6hf/now_that_the_usa_has_a_live_ebola_patient_at_the/,,
102671,,True,AmericanDerp,,,,,,,,,1407435146.0,1407431546,,,,self.askscience,0.0,False,,,,0.0,,False,2cwe6v,,,True,,med,Medicine,,,{},t3_2cwe6v,0.0,,False,,/r/askscience/comments/2cwe6v/can_ebola_be_spread_by_mosquitos_in_africa/,,,,False,1441230848.0,False,1.0,,{},,,False,askscience,t5_2qm4e,,,default,,,Can ebola be spread by mosquitos in Africa?,1.0,http://www.reddit.com/r/askscience/comments/2cwe6v/can_ebola_be_spread_by_mosquitos_in_africa/,,
114400,,True,AmericanDerp,,,,,,,,,1409841554.0,1409837954,,,,self.askscience,0.0,False,,,,0.0,,False,2fgbaa,,,True,,med,Medicine,,,{},t3_2fgbaa,0.0,,False,,/r/askscience/comments/2fgbaa/now_that_the_current_ebola_outbreak_has_spread_to/,,,,False,1441187262.0,False,1.0,,{},,,False,askscience,t5_2qm4e,,,default,,,"Now that the current Ebola outbreak has spread to Senegal, what is the likelihood of it reaching other African nations or other continents?",1.0,http://www.reddit.com/r/askscience/comments/2fgbaa/now_that_the_current_ebola_outbreak_has_spread_to/,,
124530,,True,AmericanDerp,,,,,,,,,1411873434.0,1411869834,,,,self.askscience,0.0,False,,,,0.0,,False,2hnydh,,,True,,,,,,{},t3_2hnydh,0.0,,False,,/r/askscience/comments/2hnydh/is_there_any_accepted_science_of_urban_dwellers/,,,,False,1441149683.0,False,0.0,,{},,,False,askscience,t5_2qm4e,,,default,,,"Is there any accepted science of urban dwellers having less carbon and resource footprints per capita, versus suburban and exurban dwellers?",0.0,http://www.reddit.com/r/askscience/comments/2hnydh/is_there_any_accepted_science_of_urban_dwellers/,,
128570,,True,AmericanDerp,,,,,,,,,1412638625.0,1412635025,,,,self.askscience,0.0,False,,,,0.0,,False,2ihvc0,,,True,,med,Human Body,,,{},t3_2ihvc0,0.0,,False,,/r/askscience/comments/2ihvc0/would_the_process_of_human_decomposition_change/,,,,False,1441135663.0,False,1.0,,{},,,False,askscience,t5_2qm4e,,,default,,,"Would the process of human decomposition change if every cell were to 'die' at once, instead of as our normal process?",1.0,http://www.reddit.com/r/askscience/comments/2ihvc0/would_the_process_of_human_decomposition_change/,,
149083,,True,AmericanDerp,,,,,,,,,1416626822.0,1416626822,,,,self.askscience,0.0,False,,,,0.0,,False,2n1u3p,,,True,,,,,,{},t3_2n1u3p,0.0,,False,,/r/askscience/comments/2n1u3p/are_there_are_any_naturally_occurring_poisons_or/,,,,False,1441058159.0,False,1.0,,{},,,False,askscience,t5_2qm4e,,,default,,,Are there are any naturally occurring poisons or toxins where eating an animal killed by one will kill you as well?,1.0,http://www.reddit.com/r/askscience/comments/2n1u3p/are_there_are_any_naturally_occurring_poisons_or/,,
156911,,True,AmericanDerp,,,,,,,,,1418145906.0,1418145906,,,,self.askscience,0.0,False,,,,0.0,,False,2orskp,,,True,,,,,,{},t3_2orskp,0.0,,False,,/r/askscience/comments/2orskp/assuming_the_structures_in_this_image_were_on/,,,,False,1441028891.0,False,1.0,,{},,,False,askscience,t5_2qm4e,,,default,,,"Assuming the structures in this image were on Earth, how wide and tall would they be, and how low would gravity be in the top floors?",1.0,http://www.reddit.com/r/askscience/comments/2orskp/assuming_the_structures_in_this_image_were_on/,,
161175,,True,AmericanDerp,,,,,,,,,1418957228.0,1418957228,,,,self.askscience,0.0,False,,,,0.0,,False,2pqzun,,,True,,,,,,{},t3_2pqzun,0.0,,False,,/r/askscience/comments/2pqzun/what_is_the_most_recent_human_evolutionary/,,,,False,1441012167.0,False,0.0,,{},,,False,askscience,t5_2qm4e,,,default,,,What is the most recent human evolutionary advantage we have identified?,0.0,http://www.reddit.com/r/askscience/comments/2pqzun/what_is_the_most_recent_human_evolutionary/,,
170289,,True,AmericanDerp,,,,,,,,,1420871127.0,1420871127,,,,self.askscience,0.0,False,,,,0.0,,False,2rxxgr,,,True,,,,,,{},t3_2rxxgr,0.0,,False,,/r/askscience/comments/2rxxgr/how_close_can_another_planet_safely_and_really_be/,,,,False,1440974827.0,False,1.0,,{},,,False,askscience,t5_2qm4e,,,default,,,How close can another planet safely and really be to us before it becomes implausible?,1.0,http://www.reddit.com/r/askscience/comments/2rxxgr/how_close_can_another_planet_safely_and_really_be/,,
172478,,True,AmericanDerp,,,,,,,,,1421277425.0,1421277425,,,,self.askscience,0.0,False,,,,0.0,,False,2sge63,,,True,,geo,Earth Sciences,,,{},t3_2sge63,0.0,,False,,/r/askscience/comments/2sge63/are_the_hawaiian_islands_growing_from_the_lava/,,,,False,1440966152.0,False,1.0,,{},,,False,askscience,t5_2qm4e,,,default,,,Are the Hawaiian islands growing from the lava dropping in the sea?,1.0,http://www.reddit.com/r/askscience/comments/2sge63/are_the_hawaiian_islands_growing_from_the_lava/,,
180083,,True,AmericanDerp,,,,,,,,,1422659914.0,1422659914,,,,self.askscience,0.0,False,,,,0.0,,False,2u90qn,,,True,,physics,Physics,,,{},t3_2u90qn,0.0,,False,,/r/askscience/comments/2u90qn/what_would_it_feel_like_from_a_sense_of_time_as/,,,,False,1440935636.0,False,1.0,,{},,,False,askscience,t5_2qm4e,,,default,,,What would it feel like from a sense of time as you fell into a black hole?,1.0,http://www.reddit.com/r/askscience/comments/2u90qn/what_would_it_feel_like_from_a_sense_of_time_as/,,
218667,,False,AmericanDerp,,,,,,,,,1429718978.0,1429715378,,,,self.askscience,0.0,False,,,,0.0,,False,33hct6,,,True,,physics,Physics,,,{},t3_33hct6,1.0,,False,,/r/askscience/comments/33hct6/how_large_would_a_ship_or_other_floating_body/,,,,False,1440778428.0,False,1.0,,{},,,False,askscience,t5_2qm4e,,,self,,,How large would a ship or other floating body need to be for passengers to not feel the largest waves or movement in the open oceans?,1.0,http://www.reddit.com/r/askscience/comments/33hct6/how_large_would_a_ship_or_other_floating_body/,,
219980,,False,AmericanDerp,,,,,,,,,1429926455.0,1429922855,,,,self.askscience,0.0,False,,,,0.0,,False,33rv17,,,True,,,,,,{},t3_33rv17,0.0,,False,,/r/askscience/comments/33rv17/is_there_a_difference_in_caffeine_absorption_by/,,,,False,1440773466.0,False,1.0,,{},,,False,askscience,t5_2qm4e,,,default,,,"Is there a difference in caffeine absorption by me if I drink a hot fresh cup versus an older, cold cup of coffee?",1.0,http://www.reddit.com/r/askscience/comments/33rv17/is_there_a_difference_in_caffeine_absorption_by/,,
239485,,False,AmericanDerp,,,,,,,,,1433279178.0,1433275578,,,,self.askscience,0.0,False,,,,0.0,,False,389mjs,,,True,,,,,,{},t3_389mjs,0.0,,False,,/r/askscience/comments/389mjs/if_you_had_to_breed_a_new_human_population_from/,,,,False,1440697027.0,False,1.0,,{},,,False,askscience,t5_2qm4e,,,default,,,"If you had to breed a new human population from the smallest number of people for the healthiest possible outcomes, how many do you need in what arrangement of procreation?",1.0,http://www.reddit.com/r/askscience/comments/389mjs/if_you_had_to_breed_a_new_human_population_from/,,
256268,,False,AmericanDerp,,,,,,,,,1436422417.0,1436418817,,,,self.askscience,0.0,False,,,,0.0,,False,3cn6bh,,,True,,,,,,{},t3_3cn6bh,0.0,,False,,/r/askscience/comments/3cn6bh/why_did_marijuana_let_me_smell_my_asparagus_pee/,,,,False,1440622588.0,False,1.0,,{},,,False,askscience,t5_2qm4e,,,default,,,Why did marijuana let me smell my asparagus pee?,1.0,http://www.reddit.com/r/askscience/comments/3cn6bh/why_did_marijuana_let_me_smell_my_asparagus_pee/,,
271869,,False,AmericanDerp,,,,,,,,,1439185561.0,1439181961,,,,self.askscience,0.0,False,,,,0.0,,False,3gfgpe,,,True,,bio,Biology,,,{},t3_3gfgpe,3.0,,False,,/r/askscience/comments/3gfgpe/does_any_nonmammal_sea_life_have_flatulence_like/,,,,False,1440558095.0,False,5.0,,{},,,False,askscience,t5_2qm4e,,,self,,,Does any non-mammal sea life have flatulence like mammals do?,5.0,http://www.reddit.com/r/askscience/comments/3gfgpe/does_any_nonmammal_sea_life_have_flatulence_like/,,
273544,,False,AmericanDerp,,,,,,,,,1439507106.0,1439503506,,,,self.askscience,0.0,False,,,,0.0,,False,3gwiq9,,,True,,astro,Astronomy,,,{},t3_3gwiq9,0.0,,False,,/r/askscience/comments/3gwiq9/what_would_our_day_and_night_sky_look_like_if_we/,,,,False,1440550018.0,False,1.0,,{},,,False,askscience,t5_2qm4e,,,default,,,What would our day and night sky look like if we were 25% closer to the galactic core? 50%? 75%?,1.0,http://www.reddit.com/r/askscience/comments/3gwiq9/what_would_our_day_and_night_sky_look_like_if_we/,,
293625,,False,AmericanDerp,,,,,,,,,1443582804.0,1443554004,,,,self.askscience,0.0,False,,,,0.0,,False,3mvbha,,,True,,bio,Biology,False,,{},t3_3mvbha,1.0,,False,,/r/askscience/comments/3mvbha/how_much_ambient_light_does_a_house_cat_need_in/,,,,False,1450763840.0,False,1.0,,{},[removed],,False,askscience,t5_2qm4e,,,default,,,How much ambient light does a house cat need in order to see?,1.0,https://www.reddit.com/r/askscience/comments/3mvbha/how_much_ambient_light_does_a_house_cat_need_in/,,
307353,,False,AmericanDerp,,,,,,,,,1446334685.0,1446305885,,,,self.askscience,0.0,False,,,,0.0,,False,3qz3bu,,,True,,physics,Physics,False,,{},t3_3qz3bu,0.0,,False,,/r/askscience/comments/3qz3bu/what_would_happen_if_you_dropped_a_nuclear/,,,,False,1450693547.0,False,1.0,,{},[removed],,False,askscience,t5_2qm4e,,,default,,,What would happen if you dropped a nuclear reactor's materials into a seven mile deep hole?,1.0,https://www.reddit.com/r/askscience/comments/3qz3bu/what_would_happen_if_you_dropped_a_nuclear/,,
316606,,False,AmericanDerp,,,,,,,,,1448322934.0,1448294134,,,,self.askscience,0.0,False,,,,0.0,,False,3tybzh,,,True,,maths,Mathematics,False,,{},t3_3tybzh,0.0,,False,,/r/askscience/comments/3tybzh/a_user_figures_out_the_math_at_1_in_about_a/,,,,False,1450642934.0,False,1.0,,{},[removed],,False,askscience,t5_2qm4e,,,default,,,A user figures out the math at 1 in about a novemdecillion odds to successfully shuffle a deck of cards in one try back to it's default state. What other possible events would have odds that long of happening today?,1.0,https://www.reddit.com/r/askscience/comments/3tybzh/a_user_figures_out_the_math_at_1_in_about_a/,,
321118,,False,AmericanDerp,,,,,,,,,,1449181077,,,,self.askscience,0.0,False,,,,0.0,,False,3vc57m,,,True,,geo,Planetary Sci.,False,,{},t3_3vc57m,0.0,,False,,/r/askscience/comments/3vc57m/what_would_it_be_like_on_earth_if_we_passed/,,,,False,1454891905.0,False,1.0,,{},[removed],,False,askscience,t5_2qm4e,,,default,,,What would it be like on Earth if we passed through a nebula?,1.0,https://www.reddit.com/r/askscience/comments/3vc57m/what_would_it_be_like_on_earth_if_we_passed/,,
325952,,False,AmericanDerp,,,,,,,,,,1450110993,,,,self.askscience,0.0,False,,,,0.0,,False,3wsw3w,,,True,,bio,Biology,False,,{},t3_3wsw3w,0.0,,False,,/r/askscience/comments/3wsw3w/why_do_house_cats_seemingly_go_wild_and_lose/,,,,False,1454928165.0,False,1.0,,{},[removed],,False,askscience,t5_2qm4e,,,default,,,Why do house cats seemingly go wild and lose their minds after having a bowel movement in the litter box?,1.0,https://www.reddit.com/r/askscience/comments/3wsw3w/why_do_house_cats_seemingly_go_wild_and_lose/,,
332790,,False,AmericanDerp,,,,,,,,,,1451692736,,,,self.askscience,0.0,False,,,,0.0,,False,3z2qmz,,,True,,eng,Engineering,False,,{},t3_3z2qmz,0.0,,False,,/r/askscience/comments/3z2qmz/structurally_with_modern_engineering_and/,,,,False,1454967067.0,False,1.0,,{},[removed],,False,askscience,t5_2qm4e,,,default,,,"Structurally, with modern engineering and materials, could it be possible to actually build an impenetrable wall that is 2000 miles long?",1.0,https://www.reddit.com/r/askscience/comments/3z2qmz/structurally_with_modern_engineering_and/,,
339075,,False,AmericanDerp,,,,,,,,,,1452923975,,,,self.askscience,0.0,False,,,,0.0,,False,41753z,,,True,,bio,Biology,False,,{},t3_41753z,1.0,,False,,/r/askscience/comments/41753z/what_is_the_chemical_and_composition_of_a_typical/,,,,False,1455005847.0,False,1.0,,{},[removed],,False,askscience,t5_2qm4e,,,default,,,"What is the chemical and composition of a typical human fart, as well as it's volume?",1.0,https://www.reddit.com/r/askscience/comments/41753z/what_is_the_chemical_and_composition_of_a_typical/,,
359015,,False,AmericanDerp,,,,,,,,,,1457024112,,,,self.askscience,0.0,False,,,,0.0,,False,48stq0,,,True,,astro,Astronomy,False,,{},t3_48stq0,0.0,,False,,/r/askscience/comments/48stq0/unlike_the_normal_questions_of_an_extinction/,,,,False,1463443176.0,False,1.0,,{},[removed],,False,askscience,t5_2qm4e,,,default,,,"Unlike the normal questions of an extinction scale or planet-destroying comet or meteor hitting Earth, would we have any concerns about one taking out Venus or Mars?",1.0,https://www.reddit.com/r/askscience/comments/48stq0/unlike_the_normal_questions_of_an_extinction/,,
381156,,False,AmericanDerp,,,,,,,,,,1461952227,,,,self.askscience,0.0,False,,,,0.0,,False,4h0lle,,,True,,geo,Planetary Sci.,False,,{},t3_4h0lle,0.0,,False,,/r/askscience/comments/4h0lle/if_earth_somehow_crossed_the_path_of_a_nebulalike/,,,,False,1463583718.0,False,1.0,,{},[removed],,False,askscience,t5_2qm4e,,,default,,,"If Earth somehow crossed the path of a nebula-like form, how long would it take for some if it's material to reach the surface?",1.0,https://www.reddit.com/r/askscience/comments/4h0lle/if_earth_somehow_crossed_the_path_of_a_nebulalike/,,
381817,,False,AmericanDerp,,,,,,,,,,1462120906,,,,self.askscience,0.0,False,,,,0.0,,False,4h9wqp,,,True,,physics,Physics,False,,{},t3_4h9wqp,0.0,,False,,/r/askscience/comments/4h9wqp/in_science_fiction_depictions_of_people_getting/,,,,False,1466417465.0,False,1.0,,{},[removed],,False,askscience,t5_2qm4e,,,default,,,"In science fiction depictions of people getting airlocked, they explosively fly off into space. How fast will they really go?",1.0,https://www.reddit.com/r/askscience/comments/4h9wqp/in_science_fiction_depictions_of_people_getting/,,
405684,,False,AmericanDerp,,,,,,,,,,1467435095,,,,self.askscience,0.0,False,,,,0.0,,False,4qvun2,,,True,,med,Medicine,False,,{},t3_4qvun2,1.0,,False,,/r/askscience/comments/4qvun2/is_there_solid_consensus_on_things_like/,,,,False,1472834721.0,False,1.0,,{},[removed],,False,askscience,t5_2qm4e,,,default,,,"Is there solid consensus on things like ashwaganda supplements, which claim to be ""adaptogens"" that fix a number of things?",1.0,https://www.reddit.com/r/askscience/comments/4qvun2/is_there_solid_consensus_on_things_like/,,
424514,,False,AmericanDerp,,,,,,,,,,1471634342,,,,self.askscience,0.0,False,,,,0.0,,False,4ykq3r,,,True,,geo,Planetary Sci.,False,,{},t3_4ykq3r,1.0,,False,,/r/askscience/comments/4ykq3r/if_a_human_was_ejected_from_the_iss_toward_earth/,,,,False,1473061578.0,False,1.0,,{},[removed],,False,askscience,t5_2qm4e,,,default,,,"If a human was ejected from the ISS toward Earth wearing only clothes, when and at what altitude during re-entry would they burn up?",1.0,https://www.reddit.com/r/askscience/comments/4ykq3r/if_a_human_was_ejected_from_the_iss_toward_earth/,,
434417,,False,AmericanDerp,,,,,,,,False,,1473653706,,,,self.askscience,0.0,False,,,,0.0,,False,52cl38,,,True,,med,Human Body,False,,{},t3_52cl38,0.0,,False,,/r/askscience/comments/52cl38/how_in_the_heck_does_this_illusion_work/,,,,False,1476410681.0,False,1.0,,{},[removed],,False,askscience,t5_2qm4e,,,default,,,How in the heck does this illusion work?,1.0,https://www.reddit.com/r/askscience/comments/52cl38/how_in_the_heck_does_this_illusion_work/,,
449100,,False,AmericanDerp,,,,,,,,False,,1476815721,,,,self.askscience,0.0,False,,,,0.0,,False,585hac,,,True,,geo,Earth Sciences,False,,{},t3_585hac,0.0,,False,,/r/askscience/comments/585hac/what_is_the_most_likely_amount_in_inches_that_sea/,,,,False,1480246379.0,False,1.0,,{},[removed],False,False,askscience,t5_2qm4e,,,default,,,"What is the most likely amount in inches that sea levels will rise in the next hundred years, based on today's consensus?",1.0,https://www.reddit.com/r/askscience/comments/585hac/what_is_the_most_likely_amount_in_inches_that_sea/,,
456075,,False,AmericanDerp,,,,,,,,False,,1478414920,,,,self.askscience,0.0,False,,,,0.0,,False,5bemcb,,,True,,astro,Astronomy,False,,{},t3_5bemcb,0.0,,False,,/r/askscience/comments/5bemcb/how_long_would_a_1969_mustang_or_a_2016_model/,,,,False,1484206891.0,False,1.0,,{},[removed],False,False,askscience,t5_2qm4e,,,default,,,"How long would a 1969 Mustang or a 2016 model last if you tossed it in space at full escape velocity from the solar system, into the black?",1.0,https://www.reddit.com/r/askscience/comments/5bemcb/how_long_would_a_1969_mustang_or_a_2016_model/,,
464834,,False,AmericanDerp,,,,,,,,False,,1480355534,,,,self.askscience,0.0,False,,,,0.0,,False,5fd247,,,True,,geo,Earth Sciences,False,,{},t3_5fd247,0.0,,False,,/r/askscience/comments/5fd247/what_would_be_the_ecological_and_environmental/,,,,False,1484282931.0,False,1.0,,{},[removed],False,False,askscience,t5_2qm4e,,,default,,,"What would be the ecological and environmental concerns, if any, if the USA actually did create a giant wall on our southern border from the Pacific Ocean to the Gulf of Mexico?",1.0,https://www.reddit.com/r/askscience/comments/5fd247/what_would_be_the_ecological_and_environmental/,,
